archivo,titulo,descripcion,enlace,tablero
"01-xerjoff-naxos.png","Naxos de Xerjoff: notas, precio y opiniones","Naxos (Eau de Parfum) de Xerjoff, perfume oriental fougère de hombre. Notas de salida: Bergamota, Limón, Lavanda. Descubre su pirámide olfativa completa, duración, mejor época del año, precio y opiniones en Olfativa. #perfumes #fragancias #orientalfougère","https://olfativa.es/perfumes/xerjoff-naxos","Perfumes orientales"
"02-frederic-malle-portrait-of-a-lady.png","Portrait of a Lady de Frederic Malle: notas, precio y opiniones","Portrait of a Lady (Eau de Parfum) de Frederic Malle, perfume chipre floral de mujer. Notas de salida: Frambuesa, Bergamota, Pimienta rosa. Descubre su pirámide olfativa completa, duración, mejor época del año, precio y opiniones en Olfativa. #perfumes #fragancias #chiprefloral","https://olfativa.es/perfumes/frederic-malle-portrait-of-a-lady","Perfumes chipre"
"03-roja-dove-elysium.png","Elysium Pour Homme de Roja Dove: notas, precio y opiniones","Elysium Pour Homme (Parfum Cologne) de Roja Dove, perfume cítrico amaderado de hombre. Notas de salida: Pomelo, Mandarina, Limón. Descubre su pirámide olfativa completa, duración, mejor época del año, precio y opiniones en Olfativa. #perfumes #fragancias #cítricoamaderado","https://olfativa.es/perfumes/roja-dove-elysium","Perfumes cítricos"
"04-kayali-yum-pistachio-gelato-33.png","Yum Pistachio Gelato 33 de Kayali: notas, precio y opiniones","Yum Pistachio Gelato 33 (Eau de Parfum) de Kayali, perfume gourmand de unisex. Notas de salida: Pistacho, Cardamomo. Descubre su pirámide olfativa completa, duración, mejor época del año, precio y opiniones en Olfativa. #perfumes #fragancias #gourmand","https://olfativa.es/perfumes/kayali-yum-pistachio-gelato-33","Perfumes gourmand y dulces"
"05-creed-aventus.png","Aventus de Creed: notas, precio y opiniones","Aventus (Eau de Parfum) de Creed, perfume chipre frutal de hombre. Notas de salida: Piña, Bergamota, Grosella negra. Descubre su pirámide olfativa completa, duración, mejor época del año, precio y opiniones en Olfativa. #perfumes #fragancias #chiprefrutal","https://olfativa.es/perfumes/creed-aventus","Perfumes chipre"
"06-tom-ford-tobacco-vanille.png","Tobacco Vanille de Tom Ford: notas, precio y opiniones","Tobacco Vanille (Eau de Parfum) de Tom Ford, perfume oriental especiado de unisex. Notas de salida: Hoja de tabaco, Especias. Descubre su pirámide olfativa completa, duración, mejor época del año, precio y opiniones en Olfativa. #perfumes #fragancias #orientalespeciado","https://olfativa.es/perfumes/tom-ford-tobacco-vanille","Perfumes orientales"
"07-parfums-de-marly-layton.png","Layton de Parfums de Marly: notas, precio y opiniones","Layton (Eau de Parfum) de Parfums de Marly, perfume amaderado especiado de unisex. Notas de salida: Manzana, Bergamota, Mandarina. Descubre su pirámide olfativa completa, duración, mejor época del año, precio y opiniones en Olfativa. #perfumes #fragancias #amaderadoespeciado","https://olfativa.es/perfumes/parfums-de-marly-layton","Perfumes amaderados"
"08-xerjoff-erba-pura.png","Erba Pura de Xerjoff: notas, precio y opiniones","Erba Pura (Eau de Parfum) de Xerjoff, perfume floral frutal de unisex. Notas de salida: Bergamota, Mandarina, Limón. Descubre su pirámide olfativa completa, duración, mejor época del año, precio y opiniones en Olfativa. #perfumes #fragancias #floralfrutal","https://olfativa.es/perfumes/xerjoff-erba-pura","Perfumes florales"
"09-mfk-oud-satin-mood.png","Oud Satin Mood de Maison Francis Kurkdjian: notas, precio y opiniones","Oud Satin Mood (Extrait de Parfum) de Maison Francis Kurkdjian, perfume oriental amaderado de unisex. Notas de salida: Rosa búlgara, Violeta. Descubre su pirámide olfativa completa, duración, mejor época del año, precio y opiniones en Olfativa. #perfumes #fragancias #orientalamaderado","https://olfativa.es/perfumes/mfk-oud-satin-mood","Perfumes orientales"
"10-amouage-interlude-man.png","Interlude Man de Amouage: notas, precio y opiniones","Interlude Man (Eau de Parfum) de Amouage, perfume oriental especiado de hombre. Notas de salida: Bergamota, Pimienta Sichuan, Orégano. Descubre su pirámide olfativa completa, duración, mejor época del año, precio y opiniones en Olfativa. #perfumes #fragancias #orientalespeciado","https://olfativa.es/perfumes/amouage-interlude-man","Perfumes orientales"
"11-frederic-malle-carnal-flower.png","Carnal Flower de Frederic Malle: notas, precio y opiniones","Carnal Flower (Eau de Parfum) de Frederic Malle, perfume floral blanco de unisex. Notas de salida: Bergamota, Melón, Eucalipto. Descubre su pirámide olfativa completa, duración, mejor época del año, precio y opiniones en Olfativa. #perfumes #fragancias #floralblanco","https://olfativa.es/perfumes/frederic-malle-carnal-flower","Perfumes florales"
"12-phlur-missing-person.png","Missing Person de Phlur: notas, precio y opiniones","Missing Person (Eau de Parfum) de Phlur, perfume almizcle blanco de unisex. Notas de salida: Bergamota, Cardamomo. Descubre su pirámide olfativa completa, duración, mejor época del año, precio y opiniones en Olfativa. #perfumes #fragancias #almizcleblanco","https://olfativa.es/perfumes/phlur-missing-person","Perfumes almizclados"
"13-kayali-vanilla-28.png","Vanilla 28 de Kayali: notas, precio y opiniones","Vanilla 28 (Eau de Parfum) de Kayali, perfume gourmand vainilla de unisex. Notas de salida: Bergamota, Brandy. Descubre su pirámide olfativa completa, duración, mejor época del año, precio y opiniones en Olfativa. #perfumes #fragancias #gourmandvainilla","https://olfativa.es/perfumes/kayali-vanilla-28","Perfumes gourmand y dulces"
"14-phlur-father-figure.png","Father Figure de Phlur: notas, precio y opiniones","Father Figure (Eau de Parfum) de Phlur, perfume amaderado especiado de unisex. Notas de salida: Cardamomo, Pimienta rosa. Descubre su pirámide olfativa completa, duración, mejor época del año, precio y opiniones en Olfativa. #perfumes #fragancias #amaderadoespeciado","https://olfativa.es/perfumes/phlur-father-figure","Perfumes amaderados"
"15-bleu-de-chanel-edp.png","Bleu de Chanel de Chanel: notas, precio y opiniones","Bleu de Chanel (Eau de Parfum) de Chanel, perfume amaderado aromático de hombre. Notas de salida: Limón, Menta, Pomelo. Descubre su pirámide olfativa completa, duración, mejor época del año, precio y opiniones en Olfativa. #perfumes #fragancias #amaderadoaromático","https://olfativa.es/perfumes/bleu-de-chanel-edp","Perfumes amaderados"
"16-giorgio-armani-acqua-di-gio-profumo.png","Acqua di Giò Profumo de Giorgio Armani: notas, precio y opiniones","Acqua di Giò Profumo (Parfum) de Giorgio Armani, perfume acuático amaderado de hombre. Notas de salida: Bergamota, Notas marinas. Descubre su pirámide olfativa completa, duración, mejor época del año, precio y opiniones en Olfativa. #perfumes #fragancias #acuáticoamaderado","https://olfativa.es/perfumes/giorgio-armani-acqua-di-gio-profumo","Perfumes acuáticos y frescos"
"17-dior-homme-intense.png","Dior Homme Intense de Dior: notas, precio y opiniones","Dior Homme Intense (Eau de Parfum) de Dior, perfume amaderado floral de hombre. Notas de salida: Lavanda. Descubre su pirámide olfativa completa, duración, mejor época del año, precio y opiniones en Olfativa. #perfumes #fragancias #amaderadofloral","https://olfativa.es/perfumes/dior-homme-intense","Perfumes amaderados"
"18-tom-ford-oud-wood.png","Oud Wood de Tom Ford: notas, precio y opiniones","Oud Wood (Eau de Parfum) de Tom Ford, perfume oriental amaderado de unisex. Notas de salida: Oud, Palo de rosa, Cardamomo. Descubre su pirámide olfativa completa, duración, mejor época del año, precio y opiniones en Olfativa. #perfumes #fragancias #orientalamaderado","https://olfativa.es/perfumes/tom-ford-oud-wood","Perfumes orientales"
"19-chanel-coco-mademoiselle.png","Coco Mademoiselle de Chanel: notas, precio y opiniones","Coco Mademoiselle (Eau de Parfum) de Chanel, perfume chipre floral de mujer. Notas de salida: Naranja, Bergamota, Pomelo. Descubre su pirámide olfativa completa, duración, mejor época del año, precio y opiniones en Olfativa. #perfumes #fragancias #chiprefloral","https://olfativa.es/perfumes/chanel-coco-mademoiselle","Perfumes chipre"
"20-mfk-grand-soir.png","Grand Soir de Maison Francis Kurkdjian: notas, precio y opiniones","Grand Soir (Eau de Parfum) de Maison Francis Kurkdjian, perfume ambar vainilla de unisex. Notas de salida: Ámbar, Benjuí. Descubre su pirámide olfativa completa, duración, mejor época del año, precio y opiniones en Olfativa. #perfumes #fragancias #ambarvainilla","https://olfativa.es/perfumes/mfk-grand-soir","Perfumes ámbar y especiados"
"21-hermes-terre-dhermes.png","Terre d'Hermès de Hermès: notas, precio y opiniones","Terre d'Hermès (Eau de Toilette) de Hermès, perfume amaderado especiado de hombre. Notas de salida: Naranja, Pomelo. Descubre su pirámide olfativa completa, duración, mejor época del año, precio y opiniones en Olfativa. #perfumes #fragancias #amaderadoespeciado","https://olfativa.es/perfumes/hermes-terre-dhermes","Perfumes amaderados"
"22-dior-sauvage-elixir.png","Sauvage Elixir de Dior: notas, precio y opiniones","Sauvage Elixir (Elixir) de Dior, perfume amaderado especiado de hombre. Notas de salida: Canela, Nuez moscada, Cardamomo. Descubre su pirámide olfativa completa, duración, mejor época del año, precio y opiniones en Olfativa. #perfumes #fragancias #amaderadoespeciado","https://olfativa.es/perfumes/dior-sauvage-elixir","Perfumes amaderados"
"23-parfums-de-marly-delina.png","Delina de Parfums de Marly: notas, precio y opiniones","Delina (Eau de Parfum) de Parfums de Marly, perfume floral frutal de mujer. Notas de salida: Litchi, Ruibarbo, Bergamota. Descubre su pirámide olfativa completa, duración, mejor época del año, precio y opiniones en Olfativa. #perfumes #fragancias #floralfrutal","https://olfativa.es/perfumes/parfums-de-marly-delina","Perfumes florales"
"24-kilian-angels-share.png","Angels' Share de Kilian: notas, precio y opiniones","Angels' Share (Eau de Parfum) de Kilian, perfume oriental gourmand de unisex. Notas de salida: Coñac. Descubre su pirámide olfativa completa, duración, mejor época del año, precio y opiniones en Olfativa. #perfumes #fragancias #orientalgourmand","https://olfativa.es/perfumes/kilian-angels-share","Perfumes orientales"